wmc,dit,noc,cbo,rfc,lcom,ca,ce,npm,lcom3,loc,dam,moa,mfa,cam,ic,cbm,amc,max_cc,avg_cc
0.039473684210526314,0.0,0.0,0.02702702702702703,0.0653061224489796,0.000379746835443038,0.0,0.03333333333333333,0.1,0.43333333350000003,0.007260406582768635,0.333333333,0.0,0.0,0.46666666700000003,0.0,0.0,0.04891304347826087,0.009950248756218905,0.10398371574300821
0.05921052631578947,0.0,0.023255813953488372,0.0945945945945946,0.06938775510204082,0.004303797468354431,0.013888888888888888,0.1,0.08,0.34375,0.007502420135527589,1.0,0.2,0.0,0.351851852,0.0,0.0,0.033011272141304344,0.004975124378109453,0.0693250768198905
0.03289473684210526,0.25,0.0,0.13513513513513514,0.0489795918367347,0.0012658227848101266,0.05555555555555555,0.13333333333333333,0.1,1.0,0.0050016134236850595,0.0,0.0,0.9032258059999999,0.4,0.5,0.3333333333333333,0.04130434782608696,0.004975124378109453,0.04679384193040196
0.046052631578947366,0.5,0.0,0.14864864864864866,0.12653061224489798,0.001139240506329114,0.0,0.18333333333333332,0.1,0.25,0.022991287512100677,1.0,0.0,0.571428571,0.428571429,0.0,0.0,0.14285714286231885,0.004975124378109453,0.06684500319757919
0.046052631578947366,0.0,0.0,0.10810810810810811,0.0816326530612245,0.0013924050632911392,0.0,0.13333333333333333,0.12,0.25,0.0073410777670216195,0.333333333,0.0,0.0,0.5,0.0,0.0,0.041925465833333335,0.009950248756218905,0.08913446990376067
0.03289473684210526,0.25,0.0,0.10810810810810811,0.0489795918367347,0.0,0.05555555555555555,0.1,0.1,0.125,0.0043562439496611805,1.0,0.0,0.9032258059999999,0.433333333,0.0,0.0,0.034782608695652174,0.004975124378109453,0.04679384193040196
0.11184210526315788,0.0,0.046511627906976744,0.35135135135135137,0.0816326530612245,0.012151898734177217,0.3194444444444444,0.06666666666666667,0.34,0.45138888899999996,0.00968054211035818,1.0,0.2,0.0,0.235294118,0.0,0.0,0.020034100597826086,0.014925373134328358,0.08257553305984931
0.07894736842105263,0.5,0.0,0.10810810810810811,0.12244897959183675,0.00810126582278481,0.013888888888888888,0.11666666666666667,0.22,0.5,0.007502420135527589,1.0,0.0,0.920454545,0.606060606,0.5,0.3333333333333333,0.023852657003623188,0.004975124378109453,0.045491413330005774
0.03289473684210526,0.0,0.0,0.04054054054054054,0.07755102040816328,0.00025316455696202533,0.0,0.05,0.06,0.3333333335,0.012665375927718618,1.0,0.1,0.0,0.333333333,0.0,0.0,0.10797101449275363,0.014925373134328358,0.07798973655066993
0.019736842105263157,0.25,0.0,0.02702702702702703,0.02448979591836735,0.000379746835443038,0.0,0.03333333333333333,0.02,1.0,0.000968054211035818,0.0,0.0,0.7142857140000001,0.666666667,0.5,0.3333333333333333,0.010869565217391304,0.004975124378109453,0.05199575735833164
0.039473684210526314,0.25,0.0,0.10810810810810811,0.0816326530612245,0.00189873417721519,0.0,0.13333333333333333,0.1,0.5,0.007099064214262665,0.0,0.0,0.6875,0.41666666700000005,0.5,0.16666666666666666,0.04891304347826087,0.009950248756218905,0.07798973655066993
0.0,0.0,0.0,0.06756756756756757,0.0,0.0,0.06944444444444445,0.0,0.0,1.0,0.004275572765408196,0.0,0.0,0.0,0.0,0.0,0.0,0.0,0.0,0.0
0.019736842105263157,0.0,0.0,0.013513513513513514,0.04081632653061225,0.00012658227848101267,0.013888888888888888,0.0,0.04,0.25,0.006776379477250726,0.0,0.0,0.0,0.5,0.0,0.0,0.0966183575,0.04975124378109452,0.25996318884434805
0.08552631578947367,0.0,0.0,0.1891891891891892,0.20816326530612247,0.0020253164556962027,0.013888888888888888,0.21666666666666667,0.12,0.33796296299999995,0.04961277831558567,1.0,0.30000000000000004,0.0,0.36923076899999996,0.0,0.0,0.16527313268115942,0.05970149253731343,0.23996662039275632
0.02631578947368421,0.25,0.0,0.14864864864864866,0.08979591836734695,0.000759493670886076,0.05555555555555555,0.15,0.08,1.0,0.01250403355921265,0.0,0.0,0.933333333,0.41666666700000005,0.5,0.16666666666666666,0.13677536231884058,0.004975124378109453,0.038994868275334965
0.06578947368421052,0.25,0.0,0.17567567567567569,0.15918367346938778,0.005443037974683544,0.027777777777777776,0.18333333333333332,0.14,0.38888888899999996,0.022265246853823813,1.0,0.0,0.46666666700000003,0.24691358,0.0,0.0,0.09601449275362318,0.02487562189054726,0.1169846048260049
0.019736842105263157,0.25,0.0,0.02702702702702703,0.05714285714285715,0.0,0.013888888888888888,0.016666666666666666,0.06,0.0,0.003388189738625363,1.0,0.0,0.666666667,0.5555555560000001,0.0,0.0,0.04589371981884058,0.004975124378109453,0.05199575735833164
0.006578947368421052,0.0,0.0,0.06756756756756757,0.004081632653061225,0.0,0.05555555555555555,0.016666666666666666,0.02,1.0,8.067118425298483e-05,0.0,0.0,0.0,1.0,0.0,0.0,0.0,0.004975124378109453,0.07798973655066993
0.02631578947368421,0.5,0.0,0.05405405405405406,0.08571428571428572,0.0005063291139240507,0.013888888888888888,0.05,0.06,0.27777777800000003,0.016618263956114876,0.333333333,0.0,0.7692307690000001,0.45833333299999995,0.5,0.16666666666666666,0.17753623188405798,0.1044776119402985,0.4484409851663521
0.039473684210526314,0.25,0.0,0.08108108108108109,0.036734693877551024,0.0016455696202531647,0.05555555555555555,0.06666666666666667,0.1,0.4,0.002258793159083575,1.0,0.0,0.9032258059999999,0.4,0.0,0.0,0.012681159420289856,0.004975124378109453,0.038994868275334965
0.03289473684210526,0.0,0.0,0.05405405405405406,0.020408163265306124,0.0012658227848101266,0.041666666666666664,0.016666666666666666,0.1,1.0,0.00040335592126492415,0.0,0.0,0.0,0.9,0.0,0.0,0.0,0.004975124378109453,0.07798973655066993
0.02631578947368421,0.25,0.0,0.14864864864864866,0.08571428571428572,0.000759493670886076,0.05555555555555555,0.15,0.08,1.0,0.013714101323007422,0.0,0.0,0.933333333,0.41666666700000005,0.5,0.16666666666666666,0.1503623188405797,0.004975124378109453,0.038994868275334965
0.03289473684210526,0.25,0.0,0.14864864864864866,0.08571428571428572,0.0012658227848101266,0.05555555555555555,0.15,0.1,1.0,0.012423362374959664,0.0,0.0,0.9032258059999999,0.4,0.5,0.16666666666666666,0.10797101449275363,0.004975124378109453,0.04679384193040196
0.019736842105263157,0.25,0.0,0.02702702702702703,0.02448979591836735,0.000379746835443038,0.0,0.03333333333333333,0.02,1.0,0.000968054211035818,0.0,0.0,0.7142857140000001,0.666666667,0.5,0.3333333333333333,0.010869565217391304,0.004975124378109453,0.05199575735833164
0.039473684210526314,0.0,0.0,0.10810810810810811,0.12244897959183675,0.0,0.0,0.13333333333333333,0.08,0.1666666665,0.013552758954501452,1.0,0.1,0.0,0.41666666700000005,0.0,0.0,0.09601449275362318,0.009950248756218905,0.10398371574300821
0.19736842105263158,0.0,1.0,0.918918918918919,0.2,0.04544303797468355,0.8194444444444444,0.2,0.6,0.4514106585,0.030816392384640207,0.9090909090000001,0.7000000000000001,0.0,0.176666667,0.5,0.16666666666666666,0.04118357489130435,0.01990049751243781,0.10398371574300821
0.039473684210526314,0.0,0.0,0.0945945945945946,0.0816326530612245,0.001139240506329114,0.09722222222222221,0.0,0.08,0.35,0.014924169086802193,0.25,0.0,0.0,0.4,0.0,0.0,0.10567632851449275,0.029850746268656716,0.15597947310133986
0.03289473684210526,0.25,0.0,0.12162162162162163,0.04489795918367347,0.0012658227848101266,0.06944444444444445,0.1,0.1,1.0,0.0025008067118425297,0.0,0.0,0.9032258059999999,0.4,0.5,0.3333333333333333,0.01884057971014493,0.004975124378109453,0.04679384193040196
0.03289473684210526,0.25,0.0,0.14864864864864866,0.08571428571428572,0.0012658227848101266,0.05555555555555555,0.15,0.1,1.0,0.012342691190706679,0.0,0.0,0.9032258059999999,0.4,0.5,0.16666666666666666,0.10724637681159421,0.004975124378109453,0.04679384193040196
0.013157894736842105,0.0,0.0,0.06756756756756757,0.00816326530612245,0.00012658227848101267,0.06944444444444445,0.016666666666666666,0.04,1.0,0.00016134236850596966,0.0,0.0,0.0,0.75,0.0,0.0,0.0,0.004975124378109453,0.07798973655066993
0.07236842105263158,0.25,0.0,0.10810810810810811,0.17551020408163268,0.003417721518987342,0.0,0.13333333333333333,0.12,0.3642857145,0.042191029364311065,1.0,0.0,0.523809524,0.28571428600000004,0.0,0.0,0.1663372859057971,0.02487562189054726,0.14889020604888398
0.125,0.25,0.0,0.013513513513513514,0.11836734693877551,0.007721518987341773,0.013888888888888888,0.0,0.28,0.35493827149999996,0.02758954501452081,0.666666667,0.0,0.46428571399999996,0.305555556,0.5,0.3333333333333333,0.05987795576086957,0.009950248756218905,0.06567515714931914
0.013157894736842105,0.0,0.0,0.08108108108108109,0.05714285714285715,0.00012658227848101267,0.013888888888888888,0.08333333333333333,0.04,1.0,0.003952888028396257,0.0,0.0,0.0,0.5,0.0,0.0,0.08514492753623189,0.004975124378109453,0.038994868275334965
0.019736842105263157,0.25,0.0,0.06756756756756757,0.02448979591836735,0.000379746835443038,0.05555555555555555,0.05,0.06,1.0,0.0013714101323007422,0.0,0.0,0.9655172409999999,0.533333333,0.0,0.0,0.016908212561594204,0.004975124378109453,0.025993979192338288
0.05263157894736842,0.25,0.0,0.10810810810810811,0.22040816326530616,0.0005063291139240507,0.0,0.13333333333333333,0.1,0.2857142855,0.03331719909648274,1.0,0.0,0.611111111,0.375,0.5,0.16666666666666666,0.18206521739130435,0.04477611940298507,0.22422049258317606
0.03289473684210526,0.0,0.0,0.05405405405405406,0.020408163265306124,0.0012658227848101266,0.027777777777777776,0.03333333333333333,0.1,1.0,0.00040335592126492415,0.0,0.0,0.0,0.5,0.0,0.0,0.0,0.004975124378109453,0.07798973655066993
0.019736842105263157,0.25,0.0,0.02702702702702703,0.02448979591836735,0.000379746835443038,0.0,0.03333333333333333,0.02,1.0,0.000968054211035818,0.0,0.0,0.7142857140000001,0.666666667,0.5,0.3333333333333333,0.010869565217391304,0.004975124378109453,0.05199575735833164
0.05263157894736842,0.25,0.0,0.22972972972972974,0.17142857142857143,0.0,0.06944444444444445,0.23333333333333334,0.16,0.261904762,0.017666989351403678,1.0,0.1,0.8235294120000001,0.28125,0.5,0.16666666666666666,0.09420289855072464,0.004975124378109453,0.05849230241300245
0.07894736842105263,0.0,0.0,0.28378378378378377,0.14285714285714288,0.008354430379746836,0.08333333333333333,0.25,0.18,1.0,0.025492094223943208,0.0,0.0,0.0,0.295454545,0.0,0.0,0.09178743960144928,0.014925373134328358,0.12998549390900158
0.08552631578947367,0.25,0.023255813953488372,0.06756756756756757,0.06938775510204082,0.008354430379746836,0.013888888888888888,0.06666666666666667,0.26,0.375,0.007663762504033559,1.0,0.1,0.52173913,0.46153846200000004,0.0,0.0,0.022575250836956523,0.01990049751243781,0.10798458922805759
0.039473684210526314,0.5,0.0,0.02702702702702703,0.07755102040816328,0.00189873417721519,0.027777777777777776,0.0,0.08,0.56,0.01484349790254921,0.0,0.0,0.8125,0.5,0.5,0.16666666666666666,0.10446859902173912,0.06965174129353234,0.2209683205690131
0.02631578947368421,0.25,0.0,0.04054054054054054,0.06938775510204082,0.0,0.013888888888888888,0.03333333333333333,0.04,0.27777777800000003,0.008793159083575346,0.333333333,0.0,0.571428571,0.45,0.0,0.0,0.0923913043478261,0.029850746268656716,0.15597947310133986
0.24342105263157893,0.0,0.0,0.21621621621621623,0.3755102040816327,0.0,0.041666666666666664,0.21666666666666667,0.68,0.25,0.035333978702807356,1.0,0.1,0.0,0.177777778,0.5,0.16666666666666666,0.03907168036231884,0.05970149253731343,0.08852614995866544
0.05921052631578947,0.0,0.023255813953488372,0.16216216216216217,0.20408163265306123,0.0,0.013888888888888888,0.18333333333333332,0.12,0.3229166665,0.025492094223943208,0.666666667,0.1,0.0,0.37777777799999995,0.0,0.0,0.12117552333333333,0.014925373134328358,0.12998549390900158
0.006578947368421052,0.0,0.0,0.14864864864864866,0.004081632653061225,0.0,0.15277777777777776,0.0,0.02,1.0,8.067118425298483e-05,0.0,0.0,0.0,1.0,0.0,0.0,0.0,0.004975124378109453,0.07798973655066993
0.03289473684210526,0.25,0.0,0.14864864864864866,0.08571428571428572,0.0012658227848101266,0.05555555555555555,0.15,0.1,1.0,0.012342691190706679,0.0,0.0,0.9032258059999999,0.4,0.5,0.16666666666666666,0.10724637681159421,0.004975124378109453,0.04679384193040196
0.03289473684210526,0.25,0.0,0.14864864864864866,0.10612244897959185,0.0012658227848101266,0.05555555555555555,0.15,0.1,1.0,0.016940948693126814,0.0,0.0,0.9032258059999999,0.4,1.0,0.3333333333333333,0.14855072463768115,0.004975124378109453,0.04679384193040196
1.0,0.0,0.0,0.8918918918918919,1.0,1.0,0.6666666666666666,1.0,1.0,0.38079470200000004,0.659648273636657,0.7857142859999999,1.0,0.0,0.145695364,0.0,0.0,0.1906226163405797,0.05970149253731343,0.20369359392303973
0.07236842105263158,0.0,0.0,0.04054054054054054,0.07755102040816328,0.003924050632911393,0.013888888888888888,0.03333333333333333,0.18,0.4,0.012988060664730558,0.5,0.0,0.0,0.4,0.0,0.0,0.04808959155797102,0.02487562189054726,0.14180093899642807
0.18421052631578946,0.0,0.0,0.24324324324324326,0.27755102040816326,0.0,0.041666666666666664,0.25,0.56,0.0,0.034769280413036466,1.0,0.1,0.0,0.25,0.0,0.0,0.052018633550724634,0.009950248756218905,0.0724212693609521
0.03289473684210526,0.0,0.0,0.16216216216216217,0.020408163265306124,0.0012658227848101266,0.1111111111111111,0.06666666666666667,0.1,1.0,0.00040335592126492415,0.0,0.0,0.0,0.68,0.0,0.0,0.0,0.004975124378109453,0.07798973655066993
0.02631578947368421,0.0,0.0,0.10810810810810811,0.05714285714285715,0.000759493670886076,0.1111111111111111,0.0,0.06,1.0,0.005324298160696999,0.0,0.0,0.0,0.41666666700000005,0.0,0.0,0.05615942028985507,0.02487562189054726,0.1364820389636724
0.013157894736842105,0.25,0.0,0.02702702702702703,0.020408163265306124,0.00012658227848101267,0.013888888888888888,0.016666666666666666,0.02,1.0,0.0008873830267828332,0.0,0.0,0.9411764709999999,0.833333333,0.5,0.3333333333333333,0.016304347826086956,0.004975124378109453,0.038994868275334965
0.019736842105263157,0.0,0.0,0.05405405405405406,0.012244897959183675,0.000379746835443038,0.05555555555555555,0.0,0.06,1.0,0.0002420135527589545,0.0,0.0,0.0,0.666666667,0.0,0.0,0.0,0.004975124378109453,0.07798973655066993
0.019736842105263157,0.25,0.0,0.05405405405405406,0.0326530612244898,0.000379746835443038,0.013888888888888888,0.05,0.06,1.0,0.0018554372378186512,0.0,0.0,0.984615385,0.5,0.5,0.16666666666666666,0.024154589373188408,0.004975124378109453,0.025993979192338288
0.046052631578947366,0.25,0.0,0.21621621621621623,0.14285714285714288,0.001139240506329114,0.05555555555555555,0.23333333333333334,0.1,0.2833333335,0.018473701193933528,0.8,0.30000000000000004,0.848484848,0.326530612,0.5,0.16666666666666666,0.11231884057971014,0.004975124378109453,0.05570806881814353
0.019736842105263157,0.25,0.0,0.02702702702702703,0.02448979591836735,0.000379746835443038,0.0,0.03333333333333333,0.02,1.0,0.000968054211035818,0.0,0.0,0.7142857140000001,0.666666667,0.5,0.3333333333333333,0.010869565217391304,0.004975124378109453,0.05199575735833164
0.03289473684210526,0.25,0.0,0.12162162162162163,0.07755102040816328,0.0012658227848101266,0.05555555555555555,0.11666666666666667,0.1,1.0,0.006776379477250726,0.0,0.0,0.9032258059999999,0.4,0.5,0.16666666666666666,0.0572463768115942,0.004975124378109453,0.04679384193040196
0.07894736842105263,0.0,0.0,0.02702702702702703,0.10204081632653061,0.0,0.013888888888888888,0.016666666666666666,0.0,0.218181818,0.017586318167150693,1.0,0.0,0.0,0.39583333299999995,0.0,0.0,0.06068840579710145,0.014925373134328358,0.10398371574300821
0.26973684210526316,0.0,0.0,0.6621621621621622,0.1673469387755102,0.10379746835443039,0.6805555555555555,0.6833333333333333,0.8200000000000001,1.0,0.003307518554372378,0.0,0.0,0.0,0.069767442,0.0,0.0,0.0,0.004975124378109453,0.07798973655066993
0.03289473684210526,0.0,0.0,0.40540540540540543,0.020408163265306124,0.0012658227848101266,0.41666666666666663,0.0,0.1,1.0,0.00040335592126492415,0.0,0.0,0.0,0.666666667,0.0,0.0,0.0,0.004975124378109453,0.07798973655066993
0.019736842105263157,0.25,0.0,0.04054054054054054,0.02448979591836735,0.000379746835443038,0.0,0.05,0.06,1.0,0.0013714101323007422,0.0,0.0,0.9655172409999999,0.533333333,0.0,0.0,0.016908212561594204,0.004975124378109453,0.025993979192338288
0.02631578947368421,0.75,0.09302325581395349,0.13513513513513514,0.028571428571428574,0.0,0.125,0.016666666666666666,0.08,0.3333333335,0.0028234914488544692,1.0,0.0,0.9285714290000001,0.666666667,0.0,0.0,0.026268115942028984,0.004975124378109453,0.019497434137667483
0.039473684210526314,0.0,0.0,0.08108108108108109,0.10204081632653061,0.0,0.013888888888888888,0.08333333333333333,0.12,0.2,0.006695708292997741,1.0,0.1,0.0,0.45833333299999995,0.0,0.0,0.04528985507246377,0.009950248756218905,0.07798973655066993
0.05263157894736842,0.25,0.0,0.13513513513513514,0.1346938775510204,0.0032911392405063295,0.0,0.16666666666666666,0.12,0.5285714285,0.012746047111971604,0.0,0.0,0.647058824,0.35714285700000004,0.5,0.16666666666666666,0.06567028985507246,0.014925373134328358,0.08773845361950366
0.03289473684210526,1.0,0.0,0.31081081081081086,0.028571428571428574,0.0,0.2777777777777778,0.05,0.1,0.34375,0.0036302032913843175,1.0,0.0,0.8235294120000001,0.5,0.0,0.0,0.026086956521739132,0.004975124378109453,0.04679384193040196
0.02631578947368421,0.25,0.0,0.14864864864864866,0.0816326530612245,0.000759493670886076,0.05555555555555555,0.15,0.08,1.0,0.011132623426911906,0.0,0.0,0.933333333,0.41666666700000005,0.5,0.16666666666666666,0.1213768115942029,0.004975124378109453,0.038994868275334965
0.02631578947368421,0.25,0.023255813953488372,0.21621621621621623,0.0653061224489796,0.0005063291139240507,0.15277777777777776,0.08333333333333333,0.08,0.6666666665,0.006695708292997741,0.0,0.0,0.8,0.375,0.0,0.0,0.07065217391304347,0.004975124378109453,0.038994868275334965
0.1644736842105263,0.0,0.0,0.0945945945945946,0.31836734693877555,0.02455696202531646,0.027777777777777776,0.08333333333333333,0.34,0.43939393950000005,0.04275572765408196,0.727272727,0.30000000000000004,0.0,0.261904762,0.0,0.0,0.07159420289855073,0.014925373134328358,0.08110932601269673
0.02631578947368421,0.0,0.0,0.013513513513513514,0.0653061224489796,0.0,0.013888888888888888,0.0,0.08,0.222222222,0.006211681187479832,1.0,0.0,0.0,0.625,0.0,0.0,0.06340579710144928,0.009950248756218905,0.09748717068833741
0.03289473684210526,0.25,0.0,0.06756756756756757,0.04081632653061225,0.0012658227848101266,0.013888888888888888,0.06666666666666667,0.1,1.0,0.0025814778960955146,0.0,0.0,0.8620689659999999,0.666666667,0.0,0.0,0.01956521739130435,0.004975124378109453,0.06239178924053595
0.06578947368421052,0.0,0.0,0.06756756756756757,0.04081632653061225,0.00569620253164557,0.041666666666666664,0.03333333333333333,0.2,1.0,0.0008067118425298483,0.0,0.0,0.0,0.26666666699999997,0.0,0.0,0.0,0.004975124378109453,0.07798973655066993
0.11842105263157894,0.0,0.0,0.04054054054054054,0.1469387755102041,0.016835443037974684,0.027777777777777776,0.05,0.36,0.382352941,0.02404001290738948,0.0,0.1,0.0,0.333333333,0.0,0.0,0.05615942028985507,0.01990049751243781,0.10831994509522547
0.09868421052631579,0.75,0.0,0.2972972972972973,0.363265306122449,0.006455696202531646,0.013888888888888888,0.36666666666666664,0.22,0.413265306,0.06260083898031622,0.857142857,0.1,0.8478260870000001,0.373333333,1.0,0.3333333333333333,0.18043478260869564,0.02487562189054726,0.11438754659886757
0.03289473684210526,0.25,0.0,0.1891891891891892,0.12244897959183675,0.0,0.05555555555555555,0.2,0.1,0.2,0.0196837689577283,1.0,0.1,0.9032258059999999,0.433333333,0.5,0.16666666666666666,0.16956521739130434,0.01990049751243781,0.09358768386080392
0.0,0.0,0.0,0.8243243243243243,0.0,0.0,0.8055555555555555,0.06666666666666667,0.0,1.0,0.0,0.0,0.0,0.0,0.0,0.0,0.0,0.0,0.0,0.0
0.019736842105263157,0.25,0.0,0.06756756756756757,0.02448979591836735,0.000379746835443038,0.05555555555555555,0.05,0.06,1.0,0.0013714101323007422,0.0,0.0,0.9655172409999999,0.533333333,0.0,0.0,0.016908212561594204,0.004975124378109453,0.025993979192338288
0.03289473684210526,0.25,0.0,0.12162162162162163,0.05306122448979592,0.0010126582278481013,0.05555555555555555,0.11666666666666667,0.1,0.375,0.003307518554372378,1.0,0.0,0.9032258059999999,0.4,0.0,0.0,0.025362318840579712,0.004975124378109453,0.04679384193040196
0.039473684210526314,0.0,0.0,0.06756756756756757,0.10204081632653061,0.0,0.013888888888888888,0.06666666666666667,0.12,0.2,0.010971281058405937,1.0,0.1,0.0,0.45833333299999995,0.0,0.0,0.07608695652173914,0.02487562189054726,0.14297858401834318
0.15789473684210525,0.0,0.0,0.5945945945945946,0.0979591836734694,0.034936708860759495,0.5138888888888888,0.11666666666666667,0.48,1.0,0.001936108422071636,0.0,0.0,0.0,0.244047619,0.0,0.0,0.0,0.004975124378109453,0.07798973655066993
0.019736842105263157,0.0,0.0,0.08108108108108109,0.012244897959183675,0.000379746835443038,0.027777777777777776,0.06666666666666667,0.06,0.75,0.00040335592126492415,0.0,0.0,0.0,0.583333333,0.0,0.0,0.0,0.004975124378109453,0.07798973655066993
0.039473684210526314,0.0,0.0,0.02702702702702703,0.05306122448979592,0.0,0.0,0.03333333333333333,0.12,0.2,0.004114230396902226,1.0,0.0,0.0,0.833333333,0.0,0.0,0.02596618357608696,0.004975124378109453,0.06498884746767325
0.02631578947368421,0.25,0.0,0.10810810810810811,0.0489795918367347,0.000759493670886076,0.05555555555555555,0.1,0.08,1.0,0.005404969344949983,0.0,0.0,0.933333333,0.41666666700000005,0.5,0.16666666666666666,0.05706521739130435,0.004975124378109453,0.038994868275334965
0.03289473684210526,0.25,0.0,0.10810810810810811,0.04081632653061225,0.0012658227848101266,0.05555555555555555,0.1,0.1,1.0,0.0031461761858664083,0.0,0.0,0.9032258059999999,0.4,0.5,0.3333333333333333,0.02463768115942029,0.004975124378109453,0.04679384193040196
0.019736842105263157,0.0,0.0,0.12162162162162163,0.012244897959183675,0.000379746835443038,0.08333333333333333,0.05,0.06,1.0,0.0002420135527589545,0.0,0.0,0.0,0.933333333,0.0,0.0,0.0,0.004975124378109453,0.07798973655066993
0.019736842105263157,0.0,0.0,0.05405405405405406,0.0326530612244898,0.00012658227848101267,0.041666666666666664,0.016666666666666666,0.0,0.25,0.0036302032913843175,1.0,0.0,0.0,0.5,0.0,0.0,0.04951690822463768,0.009950248756218905,0.05199575735833164
0.03289473684210526,0.25,0.023255813953488372,0.10810810810810811,0.09387755102040818,0.0005063291139240507,0.027777777777777776,0.1,0.06,0.125,0.00951919974185221,1.0,0.1,0.571428571,0.457142857,0.0,0.0,0.08115942028985507,0.009950248756218905,0.06239178924053595
0.019736842105263157,0.5,0.0,0.08108108108108109,0.08571428571428572,0.000379746835443038,0.013888888888888888,0.08333333333333333,0.04,1.0,0.008228460793804453,0.0,0.0,0.875,0.7222222220000001,1.0,0.3333333333333333,0.11956521739130435,0.014925373134328358,0.07798973655066993
0.03289473684210526,0.0,0.0,0.05405405405405406,0.020408163265306124,0.0012658227848101266,0.027777777777777776,0.03333333333333333,0.1,1.0,0.00040335592126492415,0.0,0.0,0.0,0.6,0.0,0.0,0.0,0.004975124378109453,0.07798973655066993
0.013157894736842105,0.25,0.0,0.05405405405405406,0.0326530612244898,0.0,0.013888888888888888,0.05,0.04,0.0,0.0026621490803484995,1.0,0.0,0.977272727,0.625,0.0,0.0,0.05434782608695652,0.009950248756218905,0.07798973655066993
0.013157894736842105,0.25,0.0,0.02702702702702703,0.0163265306122449,0.00012658227848101267,0.0,0.03333333333333333,0.04,1.0,0.0008067118425298483,0.0,0.0,0.8888888890000001,0.666666667,0.0,0.0,0.014492753623188406,0.004975124378109453,0.038994868275334965
0.10526315789473684,0.0,0.0,0.14864864864864866,0.2122448979591837,0.014177215189873419,0.15277777777777776,0.0,0.24,0.4133333335,0.06889319135204905,0.533333333,0.0,0.0,0.226666667,0.0,0.0,0.18636775362318841,0.08955223880597014,0.3558281730124316
0.28289473684210525,0.25,0.0,0.5945945945945946,0.2122448979591837,0.11354430379746837,0.0,0.7333333333333333,0.8200000000000001,0.005952381,0.027428202646014845,1.0,0.0,0.505882353,0.06760411,0.0,0.0,0.024856757666666666,0.01990049751243781,0.0834334201619067
0.006578947368421052,0.0,0.0,0.10810810810810811,0.004081632653061225,0.0,0.09722222222222221,0.016666666666666666,0.02,1.0,8.067118425298483e-05,0.0,0.0,0.0,1.0,0.0,0.0,0.0,0.004975124378109453,0.07798973655066993
0.02631578947368421,0.25,0.0,0.12162162162162163,0.08979591836734695,0.000759493670886076,0.05555555555555555,0.11666666666666667,0.08,1.0,0.012665375927718618,0.0,0.0,0.933333333,0.41666666700000005,0.5,0.16666666666666666,0.13858695652173914,0.004975124378109453,0.038994868275334965
0.07236842105263158,0.0,0.0,0.17567567567567569,0.163265306122449,0.0,0.027777777777777776,0.18333333333333332,0.2,0.331818182,0.0467892868667312,1.0,0.30000000000000004,0.0,0.24675324699999998,0.0,0.0,0.18379446641304348,0.014925373134328358,0.09216827065558172
0.019736842105263157,0.0,0.0,0.12162162162162163,0.012244897959183675,0.000379746835443038,0.1111111111111111,0.016666666666666666,0.06,1.0,0.0002420135527589545,0.0,0.0,0.0,0.666666667,0.0,0.0,0.0,0.004975124378109453,0.07798973655066993
0.02631578947368421,0.0,0.0,0.05405405405405406,0.0163265306122449,0.000759493670886076,0.05555555555555555,0.0,0.08,1.0,0.00032268473701193933,0.0,0.0,0.0,0.5,0.0,0.0,0.0,0.004975124378109453,0.07798973655066993
0.03289473684210526,0.0,0.06976744186046512,0.08108108108108109,0.02448979591836735,0.0,0.06944444444444445,0.016666666666666666,0.08,0.3125,0.002420135527589545,1.0,0.1,0.0,0.46666666700000003,0.0,0.0,0.016666666666666666,0.009950248756218905,0.07798973655066993
0.13157894736842105,0.25,0.0,0.10810810810810811,0.11020408163265308,0.014936708860759495,0.06944444444444445,0.05,0.34,0.2368421055,0.010406582768635044,1.0,0.1,0.5,0.316666667,0.5,0.5,0.01956521739130435,0.004975124378109453,0.07409024972313644
0.03289473684210526,0.25,0.0,0.14864864864864866,0.10612244897959185,0.0012658227848101266,0.05555555555555555,0.15,0.1,1.0,0.016456921587608905,0.0,0.0,0.9032258059999999,0.4,1.0,0.3333333333333333,0.14420289855072463,0.004975124378109453,0.04679384193040196
0.06578947368421052,0.0,0.0,0.04054054054054054,0.163265306122449,0.004936708860759494,0.0,0.05,0.08,0.4814814815,0.03791545659890287,1.0,0.0,0.0,0.38888888899999996,0.0,0.0,0.16557971014492756,0.03980099502487562,0.17937639406654082
0.02631578947368421,0.0,0.0,0.06756756756756757,0.06938775510204082,0.0,0.0,0.08333333333333333,0.08,0.1666666665,0.007260406582768635,0.0,0.2,0.0,0.5,0.0,0.0,0.07518115942028986,0.014925373134328358,0.1169846048260049
0.019736842105263157,0.0,0.0,0.06756756756756757,0.0489795918367347,0.0,0.0,0.08333333333333333,0.06,0.4375,0.004920942239432075,0.75,0.1,0.0,0.5555555560000001,0.0,0.0,0.06521739130434782,0.01990049751243781,0.12998549390900158
0.006578947368421052,0.0,0.0,0.02702702702702703,0.004081632653061225,0.0,0.027777777777777776,0.0,0.02,1.0,8.067118425298483e-05,0.0,0.0,0.0,1.0,0.0,0.0,0.0,0.004975124378109453,0.07798973655066993
0.03289473684210526,0.25,0.0,0.08108108108108109,0.04489795918367347,0.0010126582278481013,0.05555555555555555,0.06666666666666667,0.1,0.4375,0.002984833817360439,0.5,0.0,0.9032258059999999,0.4,0.0,0.0,0.021739130434782608,0.004975124378109453,0.04679384193040196
0.019736842105263157,0.0,0.0,0.05405405405405406,0.012244897959183675,0.000379746835443038,0.05555555555555555,0.0,0.06,1.0,0.0002420135527589545,0.0,0.0,0.0,0.666666667,0.0,0.0,0.0,0.004975124378109453,0.07798973655066993
0.019736842105263157,0.25,0.0,0.04054054054054054,0.02448979591836735,0.000379746835443038,0.0,0.05,0.06,1.0,0.0013714101323007422,0.0,0.0,0.9655172409999999,0.533333333,0.0,0.0,0.016908212561594204,0.004975124378109453,0.025993979192338288
0.09868421052631579,0.25,0.0,0.2567567567567568,0.20408163265306123,0.004936708860759494,0.041666666666666664,0.26666666666666666,0.24,0.405844156,0.039286866731203615,1.0,0.1,0.333333333,0.237037037,0.0,0.0,0.11135265699275362,0.014925373134328358,0.0987895992887336
0.019736842105263157,0.25,0.0,0.06756756756756757,0.02448979591836735,0.000379746835443038,0.05555555555555555,0.05,0.06,1.0,0.0013714101323007422,0.0,0.0,0.9655172409999999,0.533333333,0.0,0.0,0.016908212561594204,0.004975124378109453,0.025993979192338288
0.09868421052631579,0.0,0.0,0.24324324324324326,0.11020408163265308,0.0036708860759493674,0.1388888888888889,0.16666666666666666,0.3,0.345238095,0.029444982252339463,0.833333333,0.0,0.0,0.177777778,0.0,0.0,0.08309178742753623,0.03482587064676617,0.14038152579120589
0.05263157894736842,1.0,0.0,0.6486486486486487,0.06122448979591837,0.000759493670886076,0.625,0.05,0.16,0.404761905,0.0075830913197805746,1.0,0.0,0.666666667,0.375,0.5,0.16666666666666666,0.036231884057971016,0.009950248756218905,0.07798973655066993
0.006578947368421052,0.0,0.0,0.05405405405405406,0.004081632653061225,0.0,0.041666666666666664,0.016666666666666666,0.02,1.0,8.067118425298483e-05,0.0,0.0,0.0,1.0,0.0,0.0,0.0,0.004975124378109453,0.07798973655066993
0.1381578947368421,0.0,0.046511627906976744,1.0,0.1142857142857143,0.026329113924050636,1.0,0.03333333333333333,0.34,0.0,0.0116973217166828,1.0,0.1,0.0,0.40952381,0.0,0.0,0.02122153209057971,0.009950248756218905,0.07427742509085804
0.03289473684210526,0.0,0.0,0.10810810810810811,0.12653061224489798,0.00025316455696202533,0.06944444444444445,0.06666666666666667,0.06,0.5416666665,0.012988060664730558,0.333333333,0.2,0.0,0.36,0.0,0.0,0.10434782608695653,0.04477611940298507,0.18717536772160784
0.02631578947368421,0.25,0.0,0.12162162162162163,0.0326530612244898,0.000759493670886076,0.05555555555555555,0.11666666666666667,0.08,1.0,0.0018554372378186512,0.0,0.0,0.933333333,0.39285714299999996,0.0,0.0,0.017210144927536232,0.004975124378109453,0.038994868275334965
0.15789473684210525,0.0,0.0,0.16216216216216217,0.3020408163265306,0.03468354430379747,0.16666666666666666,0.0,0.46,0.4782608695,0.05897063568893191,1.0,0.0,0.0,0.16847826100000002,0.0,0.0,0.10658212561594203,0.03980099502487562,0.2014708864313456
0.02631578947368421,0.25,0.0,0.13513513513513514,0.04081632653061225,0.000759493670886076,0.05555555555555555,0.13333333333333333,0.08,1.0,0.002984833817360439,0.0,0.0,0.933333333,0.39285714299999996,0.5,0.16666666666666666,0.029891304347826088,0.004975124378109453,0.038994868275334965
0.03289473684210526,0.25,0.0,0.13513513513513514,0.04489795918367347,0.0012658227848101266,0.05555555555555555,0.13333333333333333,0.1,1.0,0.0025814778960955146,0.0,0.0,0.9032258059999999,0.37142857100000004,0.5,0.3333333333333333,0.01956521739130435,0.004975124378109453,0.04679384193040196
0.02631578947368421,0.0,0.0,0.06756756756756757,0.06938775510204082,0.000759493670886076,0.027777777777777776,0.05,0.08,1.0,0.017747660535656663,0.0,0.0,0.0,0.3125,0.0,0.0,0.1956521739130435,0.06965174129353234,0.3119589462026797
0.02631578947368421,0.5,0.0,0.14864864864864866,0.12244897959183675,0.000759493670886076,0.0,0.18333333333333332,0.08,1.0,0.021942562116811875,0.0,0.0,0.727272727,0.4375,0.5,0.16666666666666666,0.2427536231884058,0.004975124378109453,0.05849230241300245
0.02631578947368421,0.0,0.0,0.17567567567567569,0.0163265306122449,0.000759493670886076,0.16666666666666666,0.016666666666666666,0.08,0.6666666665,0.0011293965795417876,0.0,0.0,0.0,0.55,0.0,0.0,0.0,0.004975124378109453,0.07798973655066993
0.019736842105263157,0.0,0.0,0.12162162162162163,0.1306122448979592,0.000379746835443038,0.013888888888888888,0.13333333333333333,0.04,1.0,0.019441755404969344,0.0,0.0,0.0,0.444444444,0.0,0.0,0.28743961351449276,0.004975124378109453,0.05199575735833164
0.006578947368421052,0.0,0.0,0.02702702702702703,0.004081632653061225,0.0,0.027777777777777776,0.0,0.0,1.0,0.02839625685705066,0.0,0.0,0.0,0.0,0.0,0.0,1.0,0.0,0.0
0.046052631578947366,0.0,0.0,0.013513513513513514,0.10612244897959185,0.00012658227848101267,0.0,0.016666666666666666,0.12,0.0,0.014278799612778316,1.0,0.0,0.0,0.46428571399999996,0.0,0.0,0.08695652173913043,0.01990049751243781,0.07798973655066993
0.013157894736842105,0.25,0.0,0.02702702702702703,0.0163265306122449,0.00012658227848101267,0.0,0.03333333333333333,0.04,1.0,0.0008067118425298483,0.0,0.0,0.8888888890000001,0.666666667,0.0,0.0,0.014492753623188406,0.004975124378109453,0.038994868275334965
0.013157894736842105,0.0,0.0,0.10810810810810811,0.00816326530612245,0.00012658227848101267,0.09722222222222221,0.016666666666666666,0.04,1.0,0.0005646982897708938,0.0,0.0,0.0,0.625,0.0,0.0,0.0,0.004975124378109453,0.07798973655066993
0.3223684210526316,0.0,0.0,0.44594594594594594,0.5387755102040817,0.08531645569620254,0.041666666666666664,0.5,0.76,0.397253788,0.11310100032268473,0.590909091,0.7000000000000001,0.0,0.181632653,0.0,0.0,0.0984176279347826,0.029850746268656716,0.11141613763628706
0.05263157894736842,0.25,0.0,0.12162162162162163,0.15918367346938778,0.0010126582278481013,0.0,0.15,0.1,0.25,0.022103904485317846,1.0,0.0,0.611111111,0.375,0.0,0.0,0.11956521739130435,0.03482587064676617,0.17547690723900733
0.02631578947368421,0.0,0.0,0.0,0.0489795918367347,0.000759493670886076,0.0,0.0,0.08,1.0,0.004033559212649242,0.0,0.0,0.0,0.5,0.0,0.0,0.041666666666666664,0.009950248756218905,0.07798973655066993
0.1513157894736842,0.0,0.0,0.12162162162162163,0.2122448979591837,0.0,0.013888888888888888,0.13333333333333333,0.44,0.3363636365,0.019764440141981286,0.2,0.2,0.0,0.18695652199999999,0.0,0.0,0.034183994960144924,0.01990049751243781,0.09155215173683143
0.02631578947368421,0.0,0.0,0.013513513513513514,0.10204081632653061,0.000759493670886076,0.0,0.016666666666666666,0.04,1.0,0.0116973217166828,0.0,0.0,0.0,0.875,0.0,0.0,0.12771739130434784,0.009950248756218905,0.07798973655066993
0.006578947368421052,0.0,0.0,0.04054054054054054,0.004081632653061225,0.0,0.041666666666666664,0.0,0.0,1.0,0.0170216198773798,0.0,0.0,0.0,0.0,0.0,0.0,0.6086956521739131,0.0,0.0
0.02631578947368421,0.25,0.0,0.0945945945945946,0.04081632653061225,0.000759493670886076,0.05555555555555555,0.08333333333333333,0.08,1.0,0.002258793159083575,0.0,0.0,0.933333333,0.39285714299999996,0.0,0.0,0.021739130434782608,0.004975124378109453,0.038994868275334965
0.5921052631578947,0.0,0.0,0.06756756756756757,0.5020408163265306,0.07278481012658228,0.013888888888888888,0.06666666666666667,0.2,0.4021109975,1.0,0.272727273,0.1,0.0,0.33895131100000003,0.0,0.0,0.49408212572463767,1.0,1.0
0.03289473684210526,0.0,0.0,0.08108108108108109,0.036734693877551024,0.0,0.027777777777777776,0.06666666666666667,0.08,0.125,0.002984833817360439,1.0,0.1,0.0,0.433333333,0.0,0.0,0.02246376811594203,0.004975124378109453,0.06239178924053595
0.02631578947368421,0.25,0.0,0.14864864864864866,0.08571428571428572,0.000759493670886076,0.05555555555555555,0.15,0.08,1.0,0.013552758954501452,0.0,0.0,0.933333333,0.41666666700000005,0.5,0.16666666666666666,0.14855072463768115,0.004975124378109453,0.038994868275334965
0.039473684210526314,0.25,0.0,0.2702702702702703,0.1510204081632653,0.0,0.06944444444444445,0.2833333333333333,0.12,0.2666666665,0.025492094223943208,1.0,0.1,0.875,0.41666666700000005,0.5,0.3333333333333333,0.185386473442029,0.004975124378109453,0.05199575735833164
0.06578947368421052,0.5,0.0,0.10810810810810811,0.0816326530612245,0.000379746835443038,0.08333333333333333,0.03333333333333333,0.2,0.27777777800000003,0.006937721845756696,1.0,0.0,0.793103448,0.38,0.5,0.6666666666666666,0.026811594202898553,0.004975124378109453,0.04679384193040196
0.02631578947368421,0.25,0.0,0.35135135135135137,0.10204081632653061,0.0,0.18055555555555555,0.23333333333333334,0.08,0.1666666665,0.01686027750887383,1.0,0.1,0.842105263,0.5,0.5,0.16666666666666666,0.1847826086956522,0.004975124378109453,0.05849230241300245
0.05921052631578947,1.0,0.0,0.40540540540540543,0.07755102040816328,0.0,0.3472222222222222,0.08333333333333333,0.18,0.3125,0.016456921587608905,1.0,0.0,0.7777777779999999,0.355555556,0.0,0.0,0.07648953300724638,0.004975124378109453,0.03465863892311772
0.02631578947368421,0.25,0.0,0.06756756756756757,0.08571428571428572,0.0,0.013888888888888888,0.06666666666666667,0.04,0.1666666665,0.00951919974185221,1.0,0.1,0.571428571,0.541666667,0.0,0.0,0.10235507246376811,0.009950248756218905,0.07798973655066993
0.006578947368421052,0.0,0.0,0.06756756756756757,0.004081632653061225,0.0,0.05555555555555555,0.016666666666666666,0.02,1.0,8.067118425298483e-05,0.0,0.0,0.0,1.0,0.0,0.0,0.0,0.004975124378109453,0.07798973655066993
0.02631578947368421,0.25,0.0,0.12162162162162163,0.0653061224489796,0.00025316455696202533,0.0,0.15,0.08,0.3333333335,0.005324298160696999,0.0,0.1,0.7,0.4375,0.5,0.16666666666666666,0.0552536231884058,0.004975124378109453,0.05849230241300245
0.06578947368421052,0.0,0.023255813953488372,0.16216216216216217,0.18775510204081636,0.0,0.013888888888888888,0.18333333333333332,0.14,0.4074074075,0.028799612778315584,0.5,0.1,0.0,0.42222222200000004,0.0,0.0,0.12355072463768117,0.009950248756218905,0.08578871020573693
0.14473684210526316,0.5,0.0,0.16216216216216217,0.34285714285714286,0.02240506329113924,0.0,0.2,0.4,0.46428571450000006,0.04557921910293643,1.0,0.0,0.637931034,0.30909090899999997,0.5,0.16666666666666666,0.08745059289855073,0.02487562189054726,0.08862753661618132
0.019736842105263157,0.25,0.0,0.05405405405405406,0.028571428571428574,0.000379746835443038,0.0,0.06666666666666667,0.06,1.0,0.001452081316553727,0.0,0.0,0.7142857140000001,0.5,0.0,0.0,0.018115942028985508,0.004975124378109453,0.05199575735833164
0.013157894736842105,0.0,0.0,0.05405405405405406,0.00816326530612245,0.00012658227848101267,0.027777777777777776,0.03333333333333333,0.04,1.0,0.00016134236850596966,0.0,0.0,0.0,0.666666667,0.0,0.0,0.0,0.004975124378109453,0.07798973655066993
0.03289473684210526,0.25,0.0,0.14864864864864866,0.08571428571428572,0.0012658227848101266,0.05555555555555555,0.15,0.1,1.0,0.012423362374959664,0.0,0.0,0.9032258059999999,0.4,0.5,0.16666666666666666,0.10797101449275363,0.004975124378109453,0.04679384193040196
0.013157894736842105,0.0,0.0,0.013513513513513514,0.04081632653061225,0.00012658227848101267,0.0,0.016666666666666666,0.04,1.0,0.003388189738625363,0.0,0.0,0.0,0.75,0.0,0.0,0.07246376811594203,0.01990049751243781,0.15597947310133986
0.039473684210526314,0.0,0.023255813953488372,0.06756756756756757,0.06938775510204082,0.000379746835443038,0.041666666666666664,0.03333333333333333,0.1,0.2,0.01137463697967086,1.0,0.0,0.0,0.38888888899999996,0.0,0.0,0.08091787438405797,0.01990049751243781,0.10398371574300821
0.03289473684210526,0.25,0.0,0.21621621621621623,0.1306122448979592,0.0010126582278481013,0.0,0.26666666666666666,0.1,0.375,0.01823168764117457,1.0,0.1,0.636363636,0.44,0.0,0.0,0.1565217391304348,0.004975124378109453,0.06239178924053595
0.019736842105263157,0.0,0.0,0.06756756756756757,0.012244897959183675,0.000379746835443038,0.06944444444444445,0.0,0.06,1.0,0.0002420135527589545,0.0,0.0,0.0,1.0,0.0,0.0,0.0,0.004975124378109453,0.07798973655066993
0.03289473684210526,0.25,0.0,0.10810810810810811,0.05306122448979592,0.0,0.05555555555555555,0.1,0.1,0.125,0.0050016134236850595,1.0,0.0,0.9032258059999999,0.433333333,0.0,0.0,0.04057971014492753,0.004975124378109453,0.04679384193040196
0.19736842105263158,0.0,0.0,0.13513513513513514,0.2448979591836735,0.05506329113924051,0.0,0.16666666666666666,0.6,1.0,0.010729267505646983,0.0,0.0,0.0,0.133333333,0.0,0.0,0.01243961352536232,0.004975124378109453,0.07539267832353262
0.07236842105263158,0.0,0.0,0.02702702702702703,0.1510204081632653,0.006202531645569621,0.013888888888888888,0.016666666666666666,0.08,0.4666666665,0.05485640529202969,0.25,0.0,0.0,0.233766234,0.0,0.0,0.2164031620652174,0.29850746268656714,0.7586295643493316
0.05263157894736842,0.0,0.023255813953488372,0.33783783783783783,0.1510204081632653,0.00025316455696202533,0.013888888888888888,0.4,0.16,0.2142857145,0.021297192642787996,1.0,0.2,0.0,0.39285714299999996,0.0,0.0,0.11503623188405797,0.004975124378109453,0.0682410194818362
0.013157894736842105,0.25,0.046511627906976744,0.08108108108108109,0.02448979591836735,0.00012658227848101267,0.027777777777777776,0.06666666666666667,0.02,1.0,0.0015327525008067117,0.0,0.0,0.875,0.75,0.0,0.0,0.030797101449275364,0.009950248756218905,0.07798973655066993
0.11842105263157894,0.25,0.0,0.05405405405405406,0.1469387755102041,0.0,0.013888888888888888,0.05,0.26,0.395721925,0.030251694094869313,0.545454545,0.5,0.375,0.22689075600000003,0.5,0.3333333333333333,0.06964573268115942,0.004975124378109453,0.06498884746767325
0.02631578947368421,0.25,0.0,0.08108108108108109,0.028571428571428574,0.000759493670886076,0.05555555555555555,0.06666666666666667,0.08,1.0,0.0016134236850596966,0.0,0.0,0.933333333,0.41666666700000005,0.0,0.0,0.014492753623188406,0.004975124378109453,0.038994868275334965
0.039473684210526314,0.25,0.0,0.08108108108108109,0.036734693877551024,0.0016455696202531647,0.05555555555555555,0.06666666666666667,0.1,0.4,0.002258793159083575,1.0,0.0,0.9032258059999999,0.4,0.0,0.0,0.012681159420289856,0.004975124378109453,0.038994868275334965
0.019736842105263157,0.0,0.0,0.05405405405405406,0.012244897959183675,0.000379746835443038,0.041666666666666664,0.016666666666666666,0.06,1.0,0.0002420135527589545,0.0,0.0,0.0,0.7777777779999999,0.0,0.0,0.0,0.004975124378109453,0.07798973655066993
0.07894736842105263,0.0,0.0,0.04054054054054054,0.0489795918367347,0.008354430379746836,0.041666666666666664,0.0,0.24,1.0,0.000968054211035818,0.0,0.0,0.0,0.583333333,0.0,0.0,0.0,0.004975124378109453,0.07798973655066993
0.019736842105263157,0.0,0.0,0.32432432432432434,0.0163265306122449,0.000379746835443038,0.3333333333333333,0.0,0.06,0.71875,0.0018554372378186512,0.0,0.2,0.0,0.5,0.0,0.0,0.014492753623188406,0.009950248756218905,0.07798973655066993
0.0,0.0,0.0,0.21621621621621623,0.0,0.0,0.2222222222222222,0.0,0.0,1.0,0.0,0.0,0.0,0.0,0.0,0.0,0.0,0.0,0.0,0.0
0.019736842105263157,0.0,0.0,0.05405405405405406,0.012244897959183675,0.000379746835443038,0.027777777777777776,0.03333333333333333,0.06,1.0,0.0002420135527589545,0.0,0.0,0.0,0.5555555560000001,0.0,0.0,0.0,0.004975124378109453,0.07798973655066993
0.15789473684210525,0.0,0.0,0.02702702702702703,0.1469387755102041,0.0,0.013888888888888888,0.016666666666666666,0.42,0.252173913,0.07994514359470797,0.666666667,0.0,0.0,0.3125,0.0,0.0,0.1437198067753623,0.03482587064676617,0.1169846048260049
0.05921052631578947,0.75,0.0,0.05405405405405406,0.07755102040816328,0.0010126582278481013,0.013888888888888888,0.05,0.16,0.375,0.022587931590835754,1.0,0.0,0.75,0.333333333,0.5,0.3333333333333333,0.10829307568840581,0.04975124378109452,0.1646441328321193
0.02631578947368421,0.0,0.0,0.10810810810810811,0.0163265306122449,0.000759493670886076,0.1111111111111111,0.0,0.08,1.0,0.00032268473701193933,0.0,0.0,0.0,1.0,0.0,0.0,0.0,0.004975124378109453,0.07798973655066993
0.03289473684210526,0.25,0.0,0.21621621621621623,0.1346938775510204,0.0,0.05555555555555555,0.23333333333333334,0.1,0.25,0.020087124878993223,1.0,0.1,0.9032258059999999,0.46666666700000003,0.0,0.0,0.1753623188405797,0.004975124378109453,0.04679384193040196
0.039473684210526314,0.0,0.0,0.05405405405405406,0.1346938775510204,0.0,0.013888888888888888,0.05,0.12,0.2,0.01573088092933204,1.0,0.1,0.0,0.5,0.0,0.0,0.11171497583333333,0.009950248756218905,0.09099062563366661
0.02631578947368421,0.25,0.0,0.10810810810810811,0.0489795918367347,0.000759493670886076,0.05555555555555555,0.1,0.08,1.0,0.003388189738625363,0.0,0.0,0.933333333,0.41666666700000005,0.5,0.16666666666666666,0.034420289855072464,0.004975124378109453,0.038994868275334965
0.09210526315789473,0.0,0.0,0.06756756756756757,0.10612244897959185,0.005443037974683544,0.027777777777777776,0.06666666666666667,0.14,0.3516483515,0.02420135527589545,1.0,0.1,0.0,0.346153846,0.0,0.0,0.07220496894927537,0.02487562189054726,0.17269267364414845
0.006578947368421052,0.0,0.0,0.08108108108108109,0.004081632653061225,0.0,0.06944444444444445,0.016666666666666666,0.02,1.0,8.067118425298483e-05,0.0,0.0,0.0,1.0,0.0,0.0,0.0,0.004975124378109453,0.07798973655066993
0.21710526315789472,0.0,0.0,0.8648648648648649,0.1346938775510204,0.06683544303797469,0.7777777777777777,0.23333333333333334,0.66,1.0,0.0026621490803484995,0.0,0.0,0.0,0.222222222,0.0,0.0,0.0,0.004975124378109453,0.07798973655066993
0.013157894736842105,0.25,0.0,0.13513513513513514,0.05714285714285715,0.00012658227848101267,0.08333333333333333,0.08333333333333333,0.04,1.0,0.006534365924491772,0.0,0.0,0.9411764709999999,1.0,0.5,0.16666666666666666,0.1431159420289855,0.004975124378109453,0.038994868275334965
0.05263157894736842,0.0,0.11627906976744186,0.2567567567567568,0.036734693877551024,0.0020253164556962027,0.16666666666666666,0.13333333333333333,0.16,0.380952381,0.003226847370119393,1.0,0.1,0.0,0.3125,0.0,0.0,0.013134057971014492,0.004975124378109453,0.0682410194818362
0.11842105263157894,0.5,0.0,0.13513513513513514,0.25306122448979596,0.018860759493670887,0.0,0.16666666666666666,0.12,0.5098039215,0.03363988383349467,0.444444444,0.1,0.6,0.33823529399999996,0.5,0.3333333333333333,0.0785024154710145,0.02487562189054726,0.08665439628144936
0.013157894736842105,0.25,0.0,0.02702702702702703,0.012244897959183675,0.00012658227848101267,0.0,0.03333333333333333,0.04,1.0,0.000484027105517909,0.0,0.0,0.8,0.666666667,0.0,0.0,0.007246376811594203,0.004975124378109453,0.038994868275334965
0.10526315789473684,0.25,0.0,0.04054054054054054,0.0979591836734694,0.013417721518987343,0.013888888888888888,0.03333333333333333,0.22,0.1666666665,0.01218134882220071,1.0,0.1,0.558823529,0.5,0.5,1.0,0.029891304347826088,0.009950248756218905,0.0828640950850868
0.03289473684210526,0.25,0.0,0.06756756756756757,0.04081632653061225,0.0010126582278481013,0.0,0.08333333333333333,0.1,0.375,0.0025008067118425297,0.0,0.0,0.636363636,0.44,0.0,0.0,0.018115942028985508,0.004975124378109453,0.06239178924053595
0.03289473684210526,0.0,0.0,0.02702702702702703,0.02448979591836735,0.0,0.027777777777777776,0.0,0.08,0.20833333350000002,0.008309131978057438,1.0,0.0,0.0,0.46666666700000003,0.0,0.0,0.06884057971014493,0.014925373134328358,0.1091856311709379
0.02631578947368421,0.25,0.0,0.04054054054054054,0.06938775510204082,0.0,0.013888888888888888,0.03333333333333333,0.04,0.27777777800000003,0.009761213294611165,0.333333333,0.0,0.571428571,0.45,0.0,0.0,0.10326086956521739,0.03482587064676617,0.17547690723900733
0.019736842105263157,0.0,0.0,0.04054054054054054,0.04489795918367347,0.000379746835443038,0.013888888888888888,0.03333333333333333,0.04,1.0,0.003307518554372378,0.0,0.0,0.0,0.666666667,0.0,0.0,0.04589371981884058,0.009950248756218905,0.07798973655066993
0.02631578947368421,0.0,0.0,0.08108108108108109,0.04081632653061225,0.000759493670886076,0.013888888888888888,0.08333333333333333,0.08,1.0,0.0027428202646014844,0.0,0.0,0.0,0.5,0.0,0.0,0.02717391304347826,0.004975124378109453,0.05849230241300245
0.02631578947368421,0.0,0.0,0.013513513513513514,0.028571428571428574,0.0,0.013888888888888888,0.0,0.08,0.1666666665,0.0018554372378186512,1.0,0.0,0.0,0.625,0.0,0.0,0.016304347826086956,0.004975124378109453,0.05849230241300245
0.02631578947368421,0.25,0.0,0.14864864864864866,0.0816326530612245,0.000759493670886076,0.05555555555555555,0.15,0.08,1.0,0.011132623426911906,0.0,0.0,0.933333333,0.41666666700000005,0.5,0.16666666666666666,0.1213768115942029,0.004975124378109453,0.038994868275334965
0.07894736842105263,0.0,0.13953488372093023,0.21621621621621623,0.1142857142857143,0.005063291139240506,0.16666666666666666,0.08333333333333333,0.22,0.424242424,0.012826718296224589,0.833333333,0.2,0.0,0.23809523800000001,0.0,0.0,0.042572463768115944,0.009950248756218905,0.07798973655066993
0.039473684210526314,0.0,0.023255813953488372,0.21621621621621623,0.0489795918367347,0.001139240506329114,0.2222222222222222,0.0,0.1,0.3,0.004275572765408196,1.0,0.0,0.0,0.444444444,0.0,0.0,0.026570048307971012,0.004975124378109453,0.05199575735833164
0.08552631578947367,0.0,0.023255813953488372,0.0945945945945946,0.09387755102040818,0.004303797468354431,0.027777777777777776,0.08333333333333333,0.24,0.42361111100000004,0.008551145530816392,1.0,0.2,0.0,0.21978022,0.0,0.0,0.024247491637681164,0.009950248756218905,0.07798973655066993
0.2894736842105263,0.0,0.046511627906976744,0.6081081081081081,0.35102040816326535,0.11974683544303798,0.027777777777777776,0.7166666666666667,0.88,0.5,0.027750887383026782,1.0,0.1,0.0,0.064646465,0.0,0.0,0.024538866931159416,0.004975124378109453,0.07621936953096972
0.09210526315789473,0.25,0.0,0.2972972972972973,0.2693877551020408,0.003417721518987342,0.1111111111111111,0.26666666666666666,0.26,0.3822115385,0.08050984188447886,1.0,0.1,0.7,0.253968254,0.5,0.3333333333333333,0.25051759833333337,0.08955223880597014,0.17269267364414845
0.039473684210526314,0.75,0.0,0.06756756756756757,0.05714285714285715,0.0,0.027777777777777776,0.05,0.1,0.45,0.020651823168764117,1.0,0.0,0.75,0.375,0.5,0.5,0.1497584540942029,0.04975124378109452,0.24697009873500647
0.006578947368421052,0.0,0.0,0.06756756756756757,0.004081632653061225,0.0,0.05555555555555555,0.016666666666666666,0.02,1.0,8.067118425298483e-05,0.0,0.0,0.0,1.0,0.0,0.0,0.0,0.004975124378109453,0.07798973655066993
0.02631578947368421,0.25,0.0,0.08108108108108109,0.0653061224489796,0.0,0.013888888888888888,0.08333333333333333,0.06,0.0833333335,0.006937721845756696,1.0,0.1,0.666666667,0.5,0.0,0.0,0.07246376811594203,0.004975124378109453,0.038994868275334965
0.03289473684210526,0.25,0.0,0.10810810810810811,0.04489795918367347,0.0012658227848101266,0.05555555555555555,0.1,0.1,1.0,0.004194901581155212,0.0,0.0,0.9032258059999999,0.4,0.5,0.16666666666666666,0.034057971014492754,0.004975124378109453,0.04679384193040196
0.046052631578947366,0.0,0.0,0.04054054054054054,0.036734693877551024,0.0013924050632911392,0.041666666666666664,0.0,0.14,0.3055555555,0.003468860922878348,1.0,0.0,0.0,0.523809524,0.0,0.0,0.017080745340579708,0.004975124378109453,0.06684500319757919
0.03289473684210526,0.0,0.023255813953488372,0.04054054054054054,0.02448979591836735,0.0012658227848101266,0.013888888888888888,0.03333333333333333,0.1,1.0,0.001048725395288803,0.0,0.0,0.0,0.48,0.0,0.0,0.005797101449275362,0.004975124378109453,0.06239178924053595
0.019736842105263157,1.0,0.0,0.472972972972973,0.02448979591836735,0.000379746835443038,0.4722222222222222,0.016666666666666666,0.06,0.75,0.0013714101323007422,1.0,0.0,1.0,0.7777777779999999,0.0,0.0,0.015700483090579708,0.0,0.0
0.1381578947368421,0.0,0.0,0.16216216216216217,0.163265306122449,0.006582278481012659,0.05555555555555555,0.13333333333333333,0.42,0.3416666665,0.012988060664730558,0.0,0.30000000000000004,0.0,0.214285714,0.0,0.0,0.023636991028985508,0.009950248756218905,0.08170204801048182
0.039473684210526314,0.0,0.09302325581395349,0.16216216216216217,0.07346938775510205,0.0008860759493670887,0.05555555555555555,0.13333333333333333,0.06,0.3333333335,0.007986447241045498,1.0,0.1,0.0,0.41666666700000005,0.0,0.0,0.05434782608695652,0.01990049751243781,0.14297858401834318
0.0,0.0,0.0,0.013513513513513514,0.0,0.0,0.013888888888888888,0.0,0.0,1.0,0.00016134236850596966,0.0,0.0,0.0,0.0,0.0,0.0,0.0,0.0,0.0
0.05921052631578947,0.0,0.0,0.20270270270270271,0.31836734693877555,0.0,0.0,0.25,0.1,0.36931818200000005,0.048644724104549855,0.727272727,0.30000000000000004,0.0,0.42222222200000004,0.0,0.0,0.2347020934057971,0.03980099502487562,0.14731481337056043
0.03289473684210526,0.5,0.046511627906976744,0.21621621621621623,0.07346938775510205,0.0,0.20833333333333331,0.016666666666666666,0.08,0.3333333335,0.03130041949015811,0.5,0.1,0.8666666670000001,0.4,0.5,0.16666666666666666,0.27318840579710146,0.06965174129353234,0.3743507354432157
0.03289473684210526,0.0,0.06976744186046512,0.08108108108108109,0.02448979591836735,0.0,0.06944444444444445,0.016666666666666666,0.08,0.3125,0.002420135527589545,1.0,0.1,0.0,0.46666666700000003,0.0,0.0,0.016666666666666666,0.009950248756218905,0.07798973655066993
0.019736842105263157,0.25,0.0,0.05405405405405406,0.05714285714285715,0.0,0.013888888888888888,0.05,0.04,0.125,0.008712487899322361,1.0,0.1,0.666666667,0.611111111,0.0,0.0,0.1243961352536232,0.009950248756218905,0.07798973655066993
0.013157894736842105,0.0,0.0,0.05405405405405406,0.020408163265306124,0.00012658227848101267,0.013888888888888888,0.05,0.04,1.0,0.0016134236850596966,0.0,0.0,0.0,0.5,0.0,0.0,0.03260869565217391,0.01990049751243781,0.15597947310133986
0.019736842105263157,0.25,0.0,0.04054054054054054,0.02448979591836735,0.000379746835443038,0.0,0.05,0.06,1.0,0.0013714101323007422,0.0,0.0,0.9655172409999999,0.533333333,0.0,0.0,0.016908212561594204,0.004975124378109453,0.025993979192338288
0.1644736842105263,0.0,0.0,0.24324324324324326,0.2653061224489796,0.0379746835443038,0.013888888888888888,0.2833333333333333,0.5,1.0,0.028315585672797676,0.0,0.0,0.0,0.16,0.0,0.0,0.0472463768115942,0.03980099502487562,0.09982686278485751
0.03289473684210526,0.25,0.0,0.08108108108108109,0.11836734693877551,0.0,0.0,0.1,0.1,0.125,0.02105517909002904,1.0,0.0,0.7333333329999999,0.45,0.0,0.0,0.18405797101449275,0.014925373134328358,0.1247835784810719
0.256578947368421,0.0,0.0,0.24324324324324326,0.3102040816326531,0.0,0.041666666666666664,0.25,0.76,0.0131578945,0.016134236850596968,1.0,0.1,0.0,0.111111111,0.0,0.0,0.014864362692028985,0.004975124378109453,0.07398886306562057
0.019736842105263157,0.0,0.0,0.02702702702702703,0.012244897959183675,0.000379746835443038,0.013888888888888888,0.03333333333333333,0.06,1.0,0.0002420135527589545,0.0,0.0,0.0,0.5555555560000001,0.0,0.0,0.0,0.004975124378109453,0.07798973655066993
0.006578947368421052,0.0,0.0,0.0945945945945946,0.00816326530612245,0.0,0.09722222222222221,0.0,0.02,1.0,0.000484027105517909,0.0,0.0,0.0,1.0,0.0,0.0,0.010869565217391304,0.0,0.0
0.039473684210526314,0.25,0.0,0.12162162162162163,0.06122448979591837,0.0013924050632911392,0.041666666666666664,0.13333333333333333,0.1,0.4,0.005888996450467893,1.0,0.0,0.9032258059999999,0.4,0.0,0.0,0.03925120771739131,0.01990049751243781,0.07798973655066993
